<?xml version="1.0" encoding="UTF-8"?>
<project-private xmlns="http://www.netbeans.org/ns/project-private/1">
    <editor-bookmarks xmlns="http://www.netbeans.org/ns/editor-bookmarks/2" lastBookmarkId="0"/>
    <open-files xmlns="http://www.netbeans.org/ns/projectui-open-files/2">
        <group>
            <file>file:/C:/Users/BenRimba/Tugas-LK6-Kel6-RPLA/src/tugas/lk6/kel6/rpla/fMapel.java</file>
            <file>file:/C:/Users/BenRimba/Tugas-LK6-Kel6-RPLA/src/tugas/lk6/kel6/rpla/MainMenu.java</file>
            <file>file:/C:/Users/BenRimba/Tugas-LK6-Kel6-RPLA/src/tugas/lk6/kel6/rpla/fSiswa.java</file>
            <file>file:/C:/Users/BenRimba/Tugas-LK6-Kel6-RPLA/src/tugas/lk6/kel6/rpla/conConfig.java</file>
            <file>file:/C:/Users/BenRimba/Tugas-LK6-Kel6-RPLA/src/tugas/lk6/kel6/rpla/fKelas.java</file>
            <file>file:/C:/Users/BenRimba/Tugas-LK6-Kel6-RPLA/src/tugas/lk6/kel6/rpla/fJurusan.java</file>
            <file>file:/C:/Users/BenRimba/Tugas-LK6-Kel6-RPLA/src/tugas/lk6/kel6/rpla/fNilai.java</file>
        </group>
    </open-files>
</project-private>
